﻿<?xml version="1.0" encoding="utf-8"?>
<Package xmlns="http://schemas.microsoft.com/appx/manifest/foundation/windows10" xmlns:uap="http://schemas.microsoft.com/appx/manifest/uap/windows10" xmlns:rescap="http://schemas.microsoft.com/appx/manifest/foundation/windows10/restrictedcapabilities" xmlns:desktop="http://schemas.microsoft.com/appx/manifest/desktop/windows10" xmlns:uap3="http://schemas.microsoft.com/appx/manifest/uap/windows10/3" xmlns:uap2="http://schemas.microsoft.com/appx/manifest/uap/windows10/2" xmlns:uap4="http://schemas.microsoft.com/appx/manifest/uap/windows10/4" xmlns:desktop4="http://schemas.microsoft.com/appx/manifest/desktop/windows10/4" IgnorableNamespaces="uap rescap desktop uap3 uap4 uap2 desktop4 build" xmlns:build="http://schemas.microsoft.com/developer/appx/2015/build" xmlns:mp="http://schemas.microsoft.com/appx/2014/phone/manifest">
  <!--
  此包清单文件由生成过程生成。

  如果重新生成此文件，将丢失对其所做的更改。若要更正此文件中的错误，请编辑源 .appxmanifest 文件。

  有关程序包清单文件的详细信息，请参阅 http://go.microsoft.com/fwlink/?LinkID=241727
 -->
  <Identity Name="7061touchwp.AowTools" Publisher="CN=289FD761-763C-412C-A71B-BE59DC5ACE3A" Version="1.6.5.0" ProcessorArchitecture="x64" />
  <Properties>
    <DisplayName>Aow Tools</DisplayName>
    <PublisherDisplayName>touchwp</PublisherDisplayName>
    <Logo>Images\StoreLogo.png</Logo>
  </Properties>
  <Dependencies>
    <TargetDeviceFamily Name="Windows.Universal" MinVersion="10.0.19041.0" MaxVersionTested="10.0.22621.0" />
    <TargetDeviceFamily Name="Windows.Desktop" MinVersion="10.0.19041.0" MaxVersionTested="10.0.22621.0" />
    <PackageDependency Name="Microsoft.UI.Xaml.2.8" MinVersion="8.2310.30001.0" Publisher="CN=Microsoft Corporation, O=Microsoft Corporation, L=Redmond, S=Washington, C=US" />
    <PackageDependency Name="Microsoft.NET.Native.Framework.2.2" MinVersion="2.2.29512.0" Publisher="CN=Microsoft Corporation, O=Microsoft Corporation, L=Redmond, S=Washington, C=US" />
    <PackageDependency Name="Microsoft.NET.Native.Runtime.2.2" MinVersion="2.2.28604.0" Publisher="CN=Microsoft Corporation, O=Microsoft Corporation, L=Redmond, S=Washington, C=US" />
    <PackageDependency Name="Microsoft.VCLibs.140.00" MinVersion="14.0.33519.0" Publisher="CN=Microsoft Corporation, O=Microsoft Corporation, L=Redmond, S=Washington, C=US" />
    <PackageDependency Name="Microsoft.VCLibs.140.00.UWPDesktop" MinVersion="14.0.33728.0" Publisher="CN=Microsoft Corporation, O=Microsoft Corporation, L=Redmond, S=Washington, C=US" />
  </Dependencies>
  <Resources>
    <Resource Language="EN-US" />
    <Resource Language="EN" />
    <Resource Language="ZH-CN" />
  </Resources>
  <Applications>
    <Application Id="App" Executable="ProjectAow.exe" EntryPoint="ProjectAow.App" desktop4:SupportsMultipleInstances="true">
      <uap:VisualElements DisplayName="Aow Tools" Description="Aow Tools" BackgroundColor="transparent" Square150x150Logo="Images\Square150x150Logo.png" Square44x44Logo="Images\Square44x44Logo.png">
        <uap:DefaultTile Wide310x150Logo="Images\Wide310x150Logo.png" Square71x71Logo="Images\SmallTile.png" Square310x310Logo="Images\LargeTile.png" />
        <uap:SplashScreen Image="Images\SplashScreen.png" />
      </uap:VisualElements>
      <Extensions>
        <desktop:Extension Category="windows.fullTrustProcess" Executable="ProjectAowDesktop\ProjectAowDesktop.exe">
          <desktop:FullTrustProcess>
            <desktop:ParameterGroup GroupId="StartAdb" Parameters="adb" />
            <desktop:ParameterGroup GroupId="StartNetFree" Parameters="net" />
            <desktop:ParameterGroup GroupId="StartMirror" Parameters="mirror" />
          </desktop:FullTrustProcess>
        </desktop:Extension>
        <uap3:Extension Category="windows.fileTypeAssociation">
          <uap3:FileTypeAssociation Name="apk">
            <uap:SupportedFileTypes>
              <uap:FileType>.apk</uap:FileType>
              <uap:FileType>.apkm</uap:FileType>
              <uap:FileType>.xapk</uap:FileType>
            </uap:SupportedFileTypes>
          </uap3:FileTypeAssociation>
        </uap3:Extension>
        <uap:Extension Category="windows.protocol">
          <uap:Protocol Name="projectaow">
            <uap:DisplayName>start app</uap:DisplayName>
          </uap:Protocol>
        </uap:Extension>
      </Extensions>
    </Application>
  </Applications>
  <Capabilities>
    <rescap:Capability Name="runFullTrust" />
    <rescap:Capability Name="broadFileSystemAccess" />
    <Capability Name="internetClient" />
    <Capability Name="internetClientServer" />
    <Capability Name="privateNetworkClientServer" />
  </Capabilities>
  <Extensions>
    <Extension Category="windows.publisherCacheFolders">
      <PublisherCacheFolders>
        <Folder Name="dummy_icons" />
      </PublisherCacheFolders>
    </Extension>
    <Extension Category="windows.activatableClass.inProcessServer">
      <InProcessServer>
        <Path>Microsoft.Web.WebView2.Core.dll</Path>
        <ActivatableClass ActivatableClassId="Microsoft.Web.WebView2.Core.CoreWebView2ControllerWindowReference" ThreadingModel="both" />
        <ActivatableClass ActivatableClassId="Microsoft.Web.WebView2.Core.CoreWebView2CompositionController" ThreadingModel="both" />
        <ActivatableClass ActivatableClassId="Microsoft.Web.WebView2.Core.CoreWebView2Environment" ThreadingModel="both" />
        <ActivatableClass ActivatableClassId="Microsoft.Web.WebView2.Core.CoreWebView2EnvironmentOptions" ThreadingModel="both" />
        <ActivatableClass ActivatableClassId="Microsoft.Web.WebView2.Core.CoreWebView2Controller" ThreadingModel="both" />
      </InProcessServer>
    </Extension>
  </Extensions>
  <build:Metadata>
    <build:Item Name="TargetFrameworkMoniker" Value=".NETFramework,Version=v4.5.1" />
    <build:Item Name="VisualStudio" Version="17.0" />
    <build:Item Name="VisualStudioEdition" Value="Microsoft Visual Studio Community 2022" />
    <build:Item Name="OperatingSystem" Version="10.0.26100.2296 (WinBuild.160101.0800)" />
    <build:Item Name="Microsoft.Build.AppxPackage.dll" Version="17.11.40153.15105" />
    <build:Item Name="ProjectGUID" Value="e98fc8b3-e616-4a88-9b98-7a9e9623081c" />
    <build:Item Name="ilc.exe" Version="2.2.31116.00 built by: PROJECTNREL" />
    <build:Item Name="Microsoft.Windows.UI.Xaml.Build.Tasks.dll" Version="0.0.0.0" />
    <build:Item Name="OptimizingToolset" Value="ilc.exe" />
    <build:Item Name="UseDotNetNativeSharedAssemblyFrameworkPackage" Value="True" />
    <build:Item Name="DisableStackTraceMetadata" Value="false" />
    <build:Item Name="DisableExceptionMessages" Value="false" />
    <build:Item Name="ShortcutGenericAnalysis" Value="false" />
    <build:Item Name="GeneratePGD" Value="false" />
    <build:Item Name="ConsumePGD" Value="false" />
    <build:Item Name="SingleThreadNUTC" Value="false" />
    <build:Item Name="Use64BitCompiler" Value="false" />
    <build:Item Name="OptimizeForSize" Value="false" />
    <build:Item Name="AlignMethodsAtMinimalBoundaries" Value="false" />
    <build:Item Name="LargeAddressAware" Value="false" />
    <build:Item Name="NoLinkerSymbols" Value="false" />
    <build:Item Name="OutOfProcPDB" Value="false" />
    <build:Item Name="WindowsDesktop" Version="10.0.22621.0" />
    <build:Item Name="MakePri.exe" Version="10.0.22621.3233 (WinBuild.160101.0800)" />
    <build:Item Name="Microsoft.Build.DesktopBridge.Tasks.dll" Version="17.11.40146.31104" />
  </build:Metadata>
  <mp:PhoneIdentity PhoneProductId="9c3202fa-75c0-4bb3-8c1b-db8b8240820f" PhonePublisherId="595ddb2c-b62a-42b8-aeb8-32bdd0186f22" />
</Package>