﻿<?xml version="1.0" encoding="utf-8"?>
<Roots >
  <Roots.Interfaces>
    <RootInterface FullName="Windows.UI.Xaml.Data.IValueConverter" />
  </Roots.Interfaces>
  <Roots.PropertyPathNames>
    <RootPropertyPathName Name="TemplateSettings" />
    <RootPropertyPathName Name="KnobOffToOnOffset" />
    <RootPropertyPathName Name="KnobOnToOffOffset" />
    <RootPropertyPathName Name="KnobCurrentToOffOffset" />
    <RootPropertyPathName Name="KnobCurrentToOnOffset" />
    <RootPropertyPathName Name="Tip" />
    <RootPropertyPathName Name="GotIt" />
    <RootPropertyPathName Name="Tip2Nav" />
    <RootPropertyPathName Name="Tip2" />
    <RootPropertyPathName Name="Tip1Nav" />
    <RootPropertyPathName Name="Tip1" />
    <RootPropertyPathName Name="TargetSdkVersion" />
    <RootPropertyPathName Name="Uid" />
    <RootPropertyPathName Name="ApplicationId" />
    <RootPropertyPathName Name="Label" />
    <RootPropertyPathName Name="Message" />
    <RootPropertyPathName Name="SaveAndConnect" />
    <RootPropertyPathName Name="Nickname" />
    <RootPropertyPathName Name="Port" />
    <RootPropertyPathName Name="Ip" />
    <RootPropertyPathName Name="Device" />
    <RootPropertyPathName Name="PairCode" />
    <RootPropertyPathName Name="Disconnected" />
    <RootPropertyPathName Name="Connected" />
    <RootPropertyPathName Name="Close" />
    <RootPropertyPathName Name="Cancel" />
    <RootPropertyPathName Name="Size" />
    <RootPropertyPathName Name="Ext" />
    <RootPropertyPathName Name="Time" />
    <RootPropertyPathName Name="Name" />
    <RootPropertyPathName Name="CurrentDeviceId" />
    <RootPropertyPathName Name="CurrentDeviceName" />
    <RootPropertyPathName Name="CurrentDeviceState" />
    <RootPropertyPathName Name="Script" />
    <RootPropertyPathName Name="File" />
    <RootPropertyPathName Name="Content" />
    <RootPropertyPathName Name="Running" />
    <RootPropertyPathName Name="Apps" />
    <RootPropertyPathName Name="Install" />
    <RootPropertyPathName Name="Help" />
    <RootPropertyPathName Name="AppName" />
    <RootPropertyPathName Name="Reinstall" />
    <RootPropertyPathName Name="Open" />
    <RootPropertyPathName Name="State" />
    <RootPropertyPathName Name="TargetSdk" />
    <RootPropertyPathName Name="Version" />
    <RootPropertyPathName Name="Refresh" />
    <RootPropertyPathName Name="ApkInfos" />
    <RootPropertyPathName Name="EnableAutoInstallApks" />
    <RootPropertyPathName Name="IsBusy" />
    <RootPropertyPathName Name="InstallAreaTip" />
    <RootPropertyPathName Name="CopyApplicationId" />
    <RootPropertyPathName Name="OpenAppSettings" />
    <RootPropertyPathName Name="Uninstall" />
    <RootPropertyPathName Name="AppInfos" />
    <RootPropertyPathName Name="InputHeader" />
    <RootPropertyPathName Name="InputValue" />
    <RootPropertyPathName Name="OpenMirror" />
    <RootPropertyPathName Name="EnableDeviceMirror" />
    <RootPropertyPathName Name="OpenWsaSettings" />
    <RootPropertyPathName Name="OpenWsa" />
    <RootPropertyPathName Name="CopySerialId" />
    <RootPropertyPathName Name="Edit" />
    <RootPropertyPathName Name="Delete" />
    <RootPropertyPathName Name="SetAsDefaultDevice" />
    <RootPropertyPathName Name="Disconnect" />
    <RootPropertyPathName Name="IsTcp" />
    <RootPropertyPathName Name="Connect" />
    <RootPropertyPathName Name="Status" />
    <RootPropertyPathName Name="StatusName" />
    <RootPropertyPathName Name="Id" />
    <RootPropertyPathName Name="DisplayName" />
    <RootPropertyPathName Name="Mode" />
    <RootPropertyPathName Name="IsDefalut" />
    <RootPropertyPathName Name="Add" />
    <RootPropertyPathName Name="Pair" />
    <RootPropertyPathName Name="DeviceInfos" />
    <RootPropertyPathName Name="ScanMediaFile" />
    <RootPropertyPathName Name="CopyPath" />
    <RootPropertyPathName Name="ReName" />
    <RootPropertyPathName Name="Download" />
    <RootPropertyPathName Name="NewFolder" />
    <RootPropertyPathName Name="Upload" />
    <RootPropertyPathName Name="FileInfos" />
    <RootPropertyPathName Name="Key" />
    <RootPropertyPathName Name="Nav" />
    <RootPropertyPathName Name="Current" />
    <RootPropertyPathName Name="OpenDevicePage" />
    <RootPropertyPathName Name="OpenAfterInstall" />
    <RootPropertyPathName Name="Installing" />
    <RootPropertyPathName Name="Permisstions" />
    <RootPropertyPathName Name="Stop" />
    <RootPropertyPathName Name="Pid" />
    <RootPropertyPathName Name="ProcessName" />
    <RootPropertyPathName Name="Icon" />
    <RootPropertyPathName Name="ProcessInfos" />
    <RootPropertyPathName Name="Description" />
    <RootPropertyPathName Name="Clear" />
    <RootPropertyPathName Name="Run" />
    <RootPropertyPathName Name="ScriptFileContent" />
    <RootPropertyPathName Name="ScriptFileName" />
    <RootPropertyPathName Name="SelectedItem" />
    <RootPropertyPathName Name="Detail" />
    <RootPropertyPathName Name="Author" />
    <RootPropertyPathName Name="Save" />
    <RootPropertyPathName Name="ScriptInfos" />
    <RootPropertyPathName Name="ScriptOpenFolderTip" />
    <RootPropertyPathName Name="About" />
    <RootPropertyPathName Name="EnableAutoExitAfterInstall" />
    <RootPropertyPathName Name="EnableNewApkParser" />
    <RootPropertyPathName Name="ApkInstaller" />
    <RootPropertyPathName Name="SavedData" />
    <RootPropertyPathName Name="ClearTempFolder" />
    <RootPropertyPathName Name="OpenSavedDataFolder" />
    <RootPropertyPathName Name="EnableLog" />
    <RootPropertyPathName Name="EnableDeleteFolderRecursivelyNote" />
    <RootPropertyPathName Name="EnableDeleteFolderRecursively" />
    <RootPropertyPathName Name="AutoSacnMediaFile" />
    <RootPropertyPathName Name="AutoSacnMediaFileExts" />
    <RootPropertyPathName Name="FileDefaultPath" />
    <RootPropertyPathName Name="FileDefaultPathReset" />
    <RootPropertyPathName Name="AdbPath" />
    <RootPropertyPathName Name="Test" />
    <RootPropertyPathName Name="RestartAdb" />
    <RootPropertyPathName Name="AdbPathReset" />
    <RootPropertyPathName Name="SelectAdb" />
    <RootPropertyPathName Name="AdbConfig" />
    <RootPropertyPathName Name="EnableMirror" />
    <RootPropertyPathName Name="SelectScrcpyExe" />
    <RootPropertyPathName Name="AutoConnectDefaultDevice" />
    <RootPropertyPathName Name="AppSettingTheme" />
    <RootPropertyPathName Name="ThemeLightName" />
    <RootPropertyPathName Name="ThemeDarkName" />
    <RootPropertyPathName Name="ThemeAuto" />
    <RootPropertyPathName Name="EnableMica" />
    <RootPropertyPathName Name="EnableUISound" />
    <RootPropertyPathName Name="Setting" />
  </Roots.PropertyPathNames>
  <Roots.RootTypes>
    <RootType FullName="Windows.UI.Xaml.Application">
      <RootProperty Name="Resources" />
    </RootType>
    <RootType FullName="Microsoft.UI.Xaml.Controls.XamlControlsResources">
      <RootProperty Name="MergedDictionaries" />
    </RootType>
    <RootType FullName="Windows.UI.Xaml.ResourceDictionary">
      <RootProperty Name="Source" />
      <RootProperty Name="MergedDictionaries" />
      <RootProperty Name="ThemeDictionaries" />
    </RootType>
    <RootType FullName="Windows.UI.Xaml.Media.FontFamily" />
    <RootType FullName="Yuki.Common.Converter.BoolConverter" />
    <RootType FullName="Yuki.Common.Converter.VisibilityConverter" />
    <RootType FullName="Yuki.Common.Converter.InverseVisibilityConverter" />
    <RootType FullName="Yuki.Common.Converter.LocalTimeConverter" />
    <RootType FullName="Yuki.Common.Converter.FileSizeDisplayConverter" />
    <RootType FullName="ProjectAow.Service.Settings.AppSettings" />
    <RootType FullName="ProjectAow.Service.Lang.Langs" />
    <RootType FullName="Windows.UI.Xaml.Controls.ToggleSwitch">
      <RootProperty Name="IsOn" />
      <RootProperty Name="Style" />
      <RootProperty Name="HorizontalAlignment" />
      <RootProperty Name="Margin" />
      <RootProperty Name="Header" />
      <RootProperty Name="OffContent" />
      <RootProperty Name="OnContent" />
      <RootEvent Name="Toggled" />
    </RootType>
    <RootType FullName="Windows.UI.Xaml.Controls.Control">
      <RootProperty Name="Foreground" />
      <RootProperty Name="HorizontalContentAlignment" />
      <RootProperty Name="FontFamily" />
      <RootProperty Name="FontSize" />
      <RootProperty Name="UseSystemFocusVisuals" />
      <RootProperty Name="Template" />
      <RootProperty Name="CornerRadius" />
      <RootProperty Name="Background" />
      <RootProperty Name="BorderThickness" />
      <RootProperty Name="BorderBrush" />
      <RootProperty Name="IsTabStop" />
      <RootProperty Name="Padding" />
      <RootMethod Name="GetIsTemplateFocusTarget" />
      <RootMethod Name="SetIsTemplateFocusTarget" />
    </RootType>
    <RootType FullName="Windows.UI.Xaml.FrameworkElement">
      <RootProperty Name="HorizontalAlignment" />
      <RootProperty Name="VerticalAlignment" />
      <RootProperty Name="FocusVisualMargin" />
      <RootProperty Name="MinHeight" />
      <RootProperty Name="Margin" />
    </RootType>
    <RootType FullName="Windows.UI.Xaml.UIElement">
      <RootProperty Name="ManipulationMode" />
    </RootType>
    <RootType FullName="Windows.UI.Xaml.Setter">
      <RootProperty Name="Property" />
      <RootProperty Name="Value" />
      <RootProperty Name="Target" />
    </RootType>
    <RootType FullName="Windows.UI.Xaml.Controls.ControlTemplate">
      <RootProperty Name="TargetType" />
      <RootProperty Name="Template" />
    </RootType>
    <RootType FullName="Windows.UI.Xaml.Controls.Grid">
      <RootProperty Name="CornerRadius" />
      <RootProperty Name="Background" />
      <RootProperty Name="BorderBrush" />
      <RootProperty Name="BorderThickness" />
      <RootProperty Name="RowDefinitions" />
      <RootProperty Name="Children" />
      <RootProperty Name="HorizontalAlignment" />
      <RootProperty Name="VerticalAlignment" />
      <RootProperty Name="ColumnDefinitions" />
      <RootProperty Name="Margin" />
      <RootProperty Name="Width" />
      <RootProperty Name="Height" />
      <RootProperty Name="RenderTransform" />
      <RootProperty Name="Padding" />
      <RootProperty Name="Tag" />
      <RootProperty Name="MinHeight" />
      <RootMethod Name="GetRow" />
      <RootMethod Name="SetRow" />
      <RootMethod Name="GetRowSpan" />
      <RootMethod Name="SetRowSpan" />
      <RootMethod Name="GetColumnSpan" />
      <RootMethod Name="SetColumnSpan" />
      <RootMethod Name="GetColumn" />
      <RootMethod Name="SetColumn" />
    </RootType>
    <RootType FullName="Windows.UI.Xaml.VisualStateManager">
      <RootMethod Name="GetVisualStateGroups" />
    </RootType>
    <RootType FullName="Microsoft.Xaml.DirectUI.ProxyTypes.TemplateBindingExtension" />
    <RootType FullName="Windows.UI.Xaml.Controls.RowDefinition">
      <RootProperty Name="Height" />
    </RootType>
    <RootType FullName="Windows.UI.Xaml.Controls.ContentPresenter">
      <RootProperty Name="Margin" />
      <RootProperty Name="VerticalAlignment" />
      <RootProperty Name="Content" />
      <RootProperty Name="ContentTemplate" />
      <RootProperty Name="Foreground" />
      <RootProperty Name="IsHitTestVisible" />
      <RootProperty Name="TextWrapping" />
      <RootProperty Name="Visibility" />
      <RootProperty Name="HorizontalAlignment" />
      <RootProperty Name="Opacity" />
      <RootProperty Name="MaxWidth" />
    </RootType>
    <RootType FullName="Windows.UI.Xaml.Automation.AutomationProperties">
      <RootMethod Name="GetAccessibilityView" />
      <RootMethod Name="SetAccessibilityView" />
    </RootType>
    <RootType FullName="Microsoft.Xaml.DirectUI.ProxyTypes.ThemeResourceExtension" />
    <RootType FullName="Windows.UI.Xaml.Controls.ColumnDefinition">
      <RootProperty Name="Width" />
      <RootProperty Name="MaxWidth" />
    </RootType>
    <RootType FullName="Windows.UI.Xaml.Shapes.Rectangle">
      <RootProperty Name="Width" />
      <RootProperty Name="Height" />
      <RootProperty Name="Fill" />
      <RootProperty Name="RadiusX" />
      <RootProperty Name="RadiusY" />
      <RootProperty Name="Stroke" />
      <RootProperty Name="StrokeThickness" />
      <RootProperty Name="Opacity" />
      <RootProperty Name="Margin" />
      <RootProperty Name="HorizontalAlignment" />
      <RootProperty Name="RenderTransformOrigin" />
      <RootProperty Name="RenderTransform" />
      <RootProperty Name="StrokeDashArray" />
    </RootType>
    <RootType FullName="Windows.UI.Xaml.Controls.Primitives.Thumb">
      <RootProperty Name="Template" />
    </RootType>
    <RootType FullName="Windows.UI.Xaml.Controls.Border">
      <RootProperty Name="Width" />
      <RootProperty Name="Height" />
      <RootProperty Name="Margin" />
      <RootProperty Name="HorizontalAlignment" />
      <RootProperty Name="BackgroundSizing" />
      <RootProperty Name="Background" />
      <RootProperty Name="BorderBrush" />
      <RootProperty Name="CornerRadius" />
      <RootProperty Name="Opacity" />
      <RootProperty Name="RenderTransformOrigin" />
      <RootProperty Name="RenderTransform" />
      <RootProperty Name="Child" />
      <RootProperty Name="VerticalAlignment" />
      <RootProperty Name="IsHitTestVisible" />
      <RootProperty Name="AllowDrop" />
      <RootProperty Name="BorderThickness" />
      <RootProperty Name="Padding" />
      <RootProperty Name="Visibility" />
      <RootEvent Name="DragEnter" />
      <RootEvent Name="DragOver" />
      <RootEvent Name="Drop" />
      <RootEvent Name="Tapped" />
    </RootType>
    <RootType FullName="Windows.UI.Xaml.Media.CompositeTransform" />
    <RootType FullName="Windows.UI.Xaml.Media.TranslateTransform" />
    <RootType FullName="Microsoft.Xaml.DirectUI.ProxyTypes.StaticResourceExtension" />
    <RootType FullName="Windows.UI.Xaml.VisualStateGroup">
      <RootProperty Name="States" />
      <RootProperty Name="Transitions" />
    </RootType>
    <RootType FullName="Windows.UI.Xaml.VisualState">
      <RootProperty Name="Storyboard" />
      <RootProperty Name="Setters" />
      <RootProperty Name="StateTriggers" />
    </RootType>
    <RootType FullName="Windows.UI.Xaml.Media.Animation.Storyboard">
      <RootProperty Name="Children" />
      <RootMethod Name="GetTargetName" />
      <RootMethod Name="SetTargetName" />
      <RootMethod Name="GetTargetProperty" />
      <RootMethod Name="SetTargetProperty" />
    </RootType>
    <RootType FullName="Windows.UI.Xaml.Media.Animation.DoubleAnimation">
      <RootProperty Name="To" />
      <RootProperty Name="Duration" />
    </RootType>
    <RootType FullName="Windows.UI.Xaml.Media.Animation.ObjectAnimationUsingKeyFrames">
      <RootProperty Name="KeyFrames" />
    </RootType>
    <RootType FullName="Windows.UI.Xaml.Media.Animation.DiscreteObjectKeyFrame">
      <RootProperty Name="KeyTime" />
      <RootProperty Name="Value" />
    </RootType>
    <RootType FullName="System.Boolean" />
    <RootType FullName="Windows.UI.Xaml.VisualTransition">
      <RootProperty Name="GeneratedDuration" />
      <RootProperty Name="From" />
      <RootProperty Name="To" />
      <RootProperty Name="Storyboard" />
    </RootType>
    <RootType FullName="Windows.UI.Xaml.Media.Animation.RepositionThemeAnimation">
      <RootProperty Name="FromHorizontalOffset" />
      <RootProperty Name="TargetName" />
    </RootType>
    <RootType FullName="Windows.UI.Xaml.Media.Animation.DoubleAnimationUsingKeyFrames">
      <RootProperty Name="KeyFrames" />
      <RootProperty Name="EnableDependentAnimation" />
    </RootType>
    <RootType FullName="Windows.UI.Xaml.Media.Animation.LinearDoubleKeyFrame">
      <RootProperty Name="KeyTime" />
      <RootProperty Name="Value" />
    </RootType>
    <RootType FullName="Windows.UI.Xaml.Data.Binding">
      <RootProperty Name="RelativeSource" />
      <RootProperty Name="Path" />
      <RootProperty Name="Source" />
      <RootProperty Name="Mode" />
      <RootProperty Name="Converter" />
      <RootProperty Name="ElementName" />
    </RootType>
    <RootType FullName="Windows.UI.Xaml.Data.RelativeSource">
      <RootProperty Name="Mode" />
    </RootType>
    <RootType FullName="Windows.UI.Xaml.Media.Animation.ColorAnimationUsingKeyFrames">
      <RootProperty Name="KeyFrames" />
    </RootType>
    <RootType FullName="Windows.UI.Xaml.Media.Animation.SplineDoubleKeyFrame">
      <RootProperty Name="KeySpline" />
      <RootProperty Name="KeyTime" />
      <RootProperty Name="Value" />
    </RootType>
    <RootType FullName="Windows.UI.Xaml.Media.Animation.LinearColorKeyFrame">
      <RootProperty Name="KeyTime" />
      <RootProperty Name="Value" />
    </RootType>
    <RootType FullName="Yuki.Common.Ui.YukiDialog">
      <RootProperty Name="Title" />
      <RootProperty Name="MaxWidth" />
      <RootProperty Name="CloseButtonText" />
      <RootProperty Name="PrimaryButtonText" />
      <RootProperty Name="SecondaryButtonText" />
      <RootProperty Name="Content" />
      <RootProperty Name="DataContext" />
    </RootType>
    <RootType FullName="Windows.UI.Xaml.Controls.StackPanel">
      <RootProperty Name="Orientation" />
      <RootProperty Name="Children" />
      <RootProperty Name="VerticalAlignment" />
      <RootProperty Name="Margin" />
      <RootProperty Name="Height" />
      <RootProperty Name="HorizontalAlignment" />
      <RootProperty Name="MinWidth" />
    </RootType>
    <RootType FullName="Windows.UI.Xaml.Controls.TextBlock">
      <RootProperty Name="Text" />
      <RootProperty Name="TextWrapping" />
      <RootProperty Name="Margin" />
      <RootProperty Name="VerticalAlignment" />
      <RootProperty Name="Style" />
      <RootProperty Name="TextAlignment" />
      <RootProperty Name="TextTrimming" />
      <RootProperty Name="Inlines" />
      <RootProperty Name="Foreground" />
      <RootProperty Name="Height" />
      <RootProperty Name="HorizontalAlignment" />
      <RootProperty Name="FontSize" />
      <RootProperty Name="TextLineBounds" />
      <RootProperty Name="FontFamily" />
      <RootProperty Name="LineHeight" />
      <RootProperty Name="FontWeight" />
      <RootProperty Name="MinHeight" />
      <RootProperty Name="IsTextSelectionEnabled" />
      <RootProperty Name="Padding" />
      <RootProperty Name="MinWidth" />
    </RootType>
    <RootType FullName="ProjectAow.TipDialog" />
    <RootType FullName="Windows.UI.Xaml.Controls.UserControl">
      <RootProperty Name="Content" />
      <RootProperty Name="MinHeight" />
      <RootProperty Name="Resources" />
    </RootType>
    <RootType FullName="Windows.UI.Xaml.Controls.Image">
      <RootProperty Name="Width" />
      <RootProperty Name="Height" />
      <RootProperty Name="HorizontalAlignment" />
      <RootProperty Name="VerticalAlignment" />
      <RootProperty Name="Source" />
      <RootProperty Name="Visibility" />
    </RootType>
    <RootType FullName="ProjectAow.View.Apps.AppIcon" />
    <RootType FullName="Windows.UI.Xaml.Controls.Button">
      <RootProperty Name="Width" />
      <RootProperty Name="Padding" />
      <RootProperty Name="Background" />
      <RootProperty Name="BorderBrush" />
      <RootProperty Name="Content" />
      <RootProperty Name="Margin" />
      <RootProperty Name="HorizontalAlignment" />
      <RootProperty Name="VerticalAlignment" />
      <RootProperty Name="Visibility" />
      <RootProperty Name="Height" />
      <RootProperty Name="HorizontalContentAlignment" />
      <RootProperty Name="BackgroundSizing" />
      <RootProperty Name="BorderThickness" />
      <RootProperty Name="CornerRadius" />
      <RootProperty Name="Flyout" />
      <RootProperty Name="IsEnabled" />
      <RootProperty Name="Tag" />
      <RootProperty Name="FontSize" />
      <RootProperty Name="Foreground" />
      <RootProperty Name="MinWidth" />
      <RootProperty Name="Style" />
      <RootEvent Name="Click" />
    </RootType>
    <RootType FullName="Microsoft.Xaml.DirectUI.ProxyTypes.NullExtension" />
    <RootType FullName="Windows.UI.Xaml.Controls.FontIcon">
      <RootProperty Name="FontFamily" />
      <RootProperty Name="Glyph" />
      <RootProperty Name="Foreground" />
      <RootProperty Name="HorizontalAlignment" />
      <RootProperty Name="Visibility" />
    </RootType>
    <RootType FullName="Windows.UI.Xaml.Documents.Run">
      <RootProperty Name="Text" />
      <RootProperty Name="FontSize" />
    </RootType>
    <RootType FullName="ProjectAow.View.Apps.ItemViewer">
      <RootEvent Name="ContextMenuClick" />
    </RootType>
    <RootType FullName="Microsoft.UI.Xaml.Controls.ProgressBar">
      <RootProperty Name="VerticalAlignment" />
      <RootProperty Name="IsIndeterminate" />
      <RootProperty Name="Visibility" />
      <RootProperty Name="Margin" />
      <RootProperty Name="Value" />
      <RootProperty Name="HorizontalAlignment" />
    </RootType>
    <RootType FullName="Microsoft.Xaml.DirectUI.ProxyTypes.BindExtension">
      <RootProperty Name="Mode" />
      <RootProperty Name="Converter" />
    </RootType>
    <RootType FullName="ProjectAow.View.Common.PageHeader">
      <RootProperty Name="Margin" />
      <RootProperty Name="Header" />
      <RootProperty Name="ShowProgress" />
    </RootType>
    <RootType FullName="ProjectAow.View.Common.SettingItem">
      <RootProperty Name="MinHeight" />
      <RootProperty Name="Margin" />
      <RootProperty Name="Padding" />
      <RootProperty Name="HorizontalAlignment" />
      <RootProperty Name="VerticalAlignment" />
      <RootProperty Name="Background" />
      <RootProperty Name="BorderBrush" />
      <RootProperty Name="BorderThickness" />
      <RootProperty Name="CornerRadius" />
      <RootProperty Name="Header" />
      <RootProperty Name="Icon" />
      <RootProperty Name="RightContent" />
      <RootProperty Name="Description" />
    </RootType>
    <RootType FullName="Windows.UI.Xaml.Controls.RadioButton">
      <RootProperty Name="MinWidth" />
      <RootProperty Name="GroupName" />
    </RootType>
    <RootType FullName="ProjectAow.View.Device.DefaultState">
      <RootProperty Name="HorizontalAlignment" />
      <RootProperty Name="State" />
      <RootEvent Name="Tapped" />
    </RootType>
    <RootType FullName="Windows.UI.Xaml.Controls.ScrollViewer">
      <RootProperty Name="Content" />
      <RootProperty Name="Margin" />
      <RootProperty Name="HorizontalAlignment" />
      <RootProperty Name="VerticalAlignment" />
      <RootProperty Name="HorizontalScrollBarVisibility" />
      <RootProperty Name="HorizontalScrollMode" />
      <RootProperty Name="IsVerticalScrollChainingEnabled" />
      <RootMethod Name="GetVerticalScrollBarVisibility" />
      <RootMethod Name="SetVerticalScrollBarVisibility" />
    </RootType>
    <RootType FullName="Windows.UI.Xaml.Controls.TextBox">
      <RootProperty Name="Margin" />
      <RootProperty Name="Header" />
      <RootProperty Name="PlaceholderText" />
      <RootProperty Name="Text" />
      <RootProperty Name="VerticalAlignment" />
      <RootProperty Name="AcceptsReturn" />
      <RootProperty Name="Background" />
      <RootProperty Name="BorderThickness" />
      <RootProperty Name="HorizontalAlignment" />
      <RootProperty Name="Height" />
      <RootProperty Name="IsReadOnly" />
    </RootType>
    <RootType FullName="Microsoft.UI.Xaml.Controls.NumberBox">
      <RootProperty Name="Margin" />
      <RootProperty Name="Header" />
      <RootProperty Name="Maximum" />
      <RootProperty Name="Minimum" />
      <RootProperty Name="SpinButtonPlacementMode" />
      <RootProperty Name="Value" />
    </RootType>
    <RootType FullName="Windows.UI.Xaml.Controls.CheckBox">
      <RootProperty Name="Content" />
      <RootProperty Name="Margin" />
      <RootProperty Name="HorizontalAlignment" />
      <RootProperty Name="VerticalAlignment" />
      <RootProperty Name="IsChecked" />
    </RootType>
    <RootType FullName="ProjectAow.View.Device.DeviceEditDialog" />
    <RootType FullName="ProjectAow.View.Device.DevicePairDialog" />
    <RootType FullName="Windows.UI.Xaml.Controls.PathIcon">
      <RootProperty Name="HorizontalAlignment" />
      <RootProperty Name="VerticalAlignment" />
      <RootProperty Name="Data" />
      <RootProperty Name="Foreground" />
      <RootProperty Name="Visibility" />
    </RootType>
    <RootType FullName="Windows.UI.Xaml.Controls.ToolTipService">
      <RootMethod Name="GetToolTip" />
      <RootMethod Name="SetToolTip" />
    </RootType>
    <RootType FullName="ProjectAow.View.Device.OnlineState">
      <RootProperty Name="HorizontalAlignment" />
      <RootProperty Name="VerticalAlignment" />
      <RootProperty Name="State" />
      <RootProperty Name="OnLine" />
    </RootType>
    <RootType FullName="ProjectAow.View.Files.FileIcon">
      <RootProperty Name="Width" />
      <RootProperty Name="Height" />
      <RootProperty Name="Source" />
    </RootType>
    <RootType FullName="ProjectAow.View.Files.FilesProgressControl">
      <RootProperty Name="Margin" />
      <RootProperty Name="HorizontalAlignment" />
      <RootProperty Name="VerticalAlignment" />
      <RootProperty Name="Background" />
      <RootProperty Name="FileCount" />
      <RootProperty Name="FileIndex" />
      <RootProperty Name="FilePath" />
      <RootProperty Name="FileStreamProgress" />
      <RootProperty Name="FilesProgress" />
      <RootProperty Name="Visibility" />
      <RootEvent Name="CancelClick" />
    </RootType>
    <RootType FullName="ProjectAow.View.Files.ItemViewer">
      <RootEvent Name="ContextMenuClick" />
    </RootType>
    <RootType FullName="Windows.UI.Xaml.Controls.Page">
      <RootProperty Name="Background" />
      <RootProperty Name="Resources" />
      <RootProperty Name="Content" />
    </RootType>
    <RootType FullName="Microsoft.UI.Xaml.Media.AcrylicBrush">
      <RootProperty Name="BackgroundSource" />
      <RootProperty Name="FallbackColor" />
      <RootProperty Name="TintColor" />
      <RootProperty Name="TintOpacity" />
    </RootType>
    <RootType FullName="Windows.UI.Xaml.Thickness" />
    <RootType FullName="System.Double" />
    <RootType FullName="Windows.UI.Xaml.CornerRadius" />
    <RootType FullName="Windows.UI.Xaml.Media.SolidColorBrush">
      <RootProperty Name="Color" />
    </RootType>
    <RootType FullName="Windows.UI.Xaml.Controls.Canvas">
      <RootMethod Name="GetZIndex" />
      <RootMethod Name="SetZIndex" />
    </RootType>
    <RootType FullName="ProjectAow.NavigationViewEx">
      <RootProperty Name="AlwaysShowHeader" />
      <RootProperty Name="Header" />
      <RootProperty Name="IsBackButtonVisible" />
      <RootProperty Name="IsBackEnabled" />
      <RootProperty Name="IsPaneOpen" />
      <RootProperty Name="IsPaneToggleButtonVisible" />
      <RootProperty Name="IsSettingsVisible" />
      <RootProperty Name="IsTitleBarAutoPaddingEnabled" />
      <RootProperty Name="OpenPaneLength" />
      <RootProperty Name="PaneDisplayMode" />
      <RootProperty Name="PaneCustomContent" />
      <RootProperty Name="MenuItems" />
      <RootProperty Name="FooterMenuItems" />
      <RootProperty Name="Content" />
      <RootEvent Name="BackRequested" />
      <RootEvent Name="DisplayModeChanged" />
      <RootEvent Name="ItemInvoked" />
      <RootEvent Name="SelectionChanged" />
    </RootType>
    <RootType FullName="Windows.UI.Xaml.Shapes.Ellipse">
      <RootProperty Name="Width" />
      <RootProperty Name="Height" />
      <RootProperty Name="Fill" />
      <RootProperty Name="Visibility" />
    </RootType>
    <RootType FullName="Microsoft.UI.Xaml.Controls.NavigationViewItemHeader">
      <RootProperty Name="Content" />
    </RootType>
    <RootType FullName="Microsoft.UI.Xaml.Controls.NavigationViewItem">
      <RootProperty Name="Tag" />
      <RootProperty Name="Icon" />
      <RootProperty Name="Content" />
    </RootType>
    <RootType FullName="Windows.UI.Xaml.Controls.SymbolIcon">
      <RootProperty Name="Symbol" />
    </RootType>
    <RootType FullName="Windows.UI.Xaml.Controls.Frame" />
    <RootType FullName="Microsoft.UI.Xaml.Controls.InfoBar">
      <RootProperty Name="Margin" />
      <RootProperty Name="IsOpen" />
      <RootProperty Name="Message" />
      <RootProperty Name="Severity" />
    </RootType>
    <RootType FullName="Microsoft.UI.Xaml.Controls.ProgressRing">
      <RootProperty Name="Width" />
      <RootProperty Name="Height" />
      <RootProperty Name="Margin" />
      <RootProperty Name="IsActive" />
    </RootType>
    <RootType FullName="ProjectAow.Shell" />
    <RootType FullName="Windows.UI.Color" />
    <RootType FullName="Windows.UI.Xaml.Controls.ListViewItem" />
    <RootType FullName="ProjectAow.View.Apk.ApkIcon">
      <RootProperty Name="Width" />
      <RootProperty Name="Height" />
      <RootProperty Name="Source" />
    </RootType>
    <RootType FullName="Windows.UI.Xaml.DataTemplate">
      <RootProperty Name="Template" />
    </RootType>
    <RootType FullName="ProjectAow.View.Apk.InstallState">
      <RootProperty Name="Margin" />
      <RootProperty Name="HorizontalAlignment" />
      <RootProperty Name="VerticalAlignment" />
      <RootProperty Name="State" />
    </RootType>
    <RootType FullName="Windows.UI.Xaml.Controls.MenuFlyout">
      <RootProperty Name="Items" />
    </RootType>
    <RootType FullName="Windows.UI.Xaml.Controls.MenuFlyoutItem">
      <RootProperty Name="Tag" />
      <RootProperty Name="Text" />
      <RootProperty Name="Icon" />
      <RootProperty Name="IsEnabled" />
      <RootProperty Name="Visibility" />
      <RootEvent Name="Click" />
    </RootType>
    <RootType FullName="Windows.UI.Xaml.Controls.ListView">
      <RootProperty Name="Padding" />
      <RootProperty Name="VerticalAlignment" />
      <RootProperty Name="VerticalContentAlignment" />
      <RootProperty Name="BorderBrush" />
      <RootProperty Name="IsDoubleTapEnabled" />
      <RootProperty Name="IsItemClickEnabled" />
      <RootProperty Name="ItemContainerStyle" />
      <RootProperty Name="ItemTemplate" />
      <RootProperty Name="ItemsSource" />
      <RootProperty Name="SelectionMode" />
      <RootProperty Name="ShowsScrollingPlaceholders" />
      <RootProperty Name="SingleSelectionFollowsFocus" />
      <RootProperty Name="FooterTemplate" />
      <RootProperty Name="Margin" />
      <RootProperty Name="HorizontalAlignment" />
      <RootProperty Name="AllowDrop" />
      <RootProperty Name="CanDragItems" />
      <RootProperty Name="IsMultiSelectCheckBoxEnabled" />
      <RootProperty Name="IsRightTapEnabled" />
      <RootProperty Name="ItemContainerTransitions" />
      <RootProperty Name="GroupStyle" />
      <RootProperty Name="Background" />
      <RootProperty Name="CornerRadius" />
      <RootProperty Name="SelectedItem" />
      <RootEvent Name="ContainerContentChanging" />
      <RootEvent Name="ContextRequested" />
      <RootEvent Name="ItemClick" />
      <RootEvent Name="DragItemsCompleted" />
      <RootEvent Name="DragItemsStarting" />
      <RootEvent Name="DragOver" />
      <RootEvent Name="Drop" />
    </RootType>
    <RootType FullName="Windows.UI.Xaml.Controls.CommandBar">
      <RootProperty Name="DefaultLabelPosition" />
      <RootProperty Name="PrimaryCommands" />
      <RootProperty Name="SecondaryCommands" />
    </RootType>
    <RootType FullName="Windows.UI.Xaml.Controls.AppBarButton">
      <RootProperty Name="Icon" />
      <RootProperty Name="Label" />
      <RootProperty Name="Visibility" />
      <RootEvent Name="Click" />
    </RootType>
    <RootType FullName="ProjectAow.View.Apk.ApkPage" />
    <RootType FullName="ProjectAow.View.Apps.AppPage" />
    <RootType FullName="ProjectAow.View.Common.InputDialog" />
    <RootType FullName="Windows.UI.Xaml.Controls.MenuFlyoutSeparator">
      <RootProperty Name="Visibility" />
    </RootType>
    <RootType FullName="ProjectAow.View.Device.DevicePage" />
    <RootType FullName="Microsoft.UI.Xaml.Controls.BreadcrumbBar">
      <RootProperty Name="Height" />
      <RootProperty Name="Margin" />
      <RootProperty Name="Padding" />
      <RootProperty Name="ItemsSource" />
      <RootProperty Name="ItemTemplate" />
      <RootEvent Name="ItemClicked" />
    </RootType>
    <RootType FullName="Windows.UI.Xaml.Media.Animation.TransitionCollection" />
    <RootType FullName="Windows.UI.Xaml.Media.Animation.AddDeleteThemeTransition" />
    <RootType FullName="Windows.UI.Xaml.Media.Animation.NavigationThemeTransition" />
    <RootType FullName="Windows.UI.Xaml.Controls.GroupStyle">
      <RootProperty Name="HeaderTemplate" />
    </RootType>
    <RootType FullName="ProjectAow.View.Files.FilePage" />
    <RootType FullName="Microsoft.Toolkit.Uwp.UI.Controls.MarkdownTextBlock">
      <RootProperty Name="Background" />
      <RootProperty Name="CodeBackground" />
      <RootProperty Name="Text" />
    </RootType>
    <RootType FullName="ProjectAow.View.Help.HelpPage" />
    <RootType FullName="ProjectAow.View.Installer.DefaultDevice">
      <RootProperty Name="Height" />
      <RootProperty Name="Margin" />
      <RootProperty Name="HorizontalAlignment" />
      <RootProperty Name="VerticalAlignment" />
    </RootType>
    <RootType FullName="Windows.UI.Xaml.Documents.LineBreak" />
    <RootType FullName="ProjectAow.View.Installer.InstallerPage" />
    <RootType FullName="ProjectAow.View.Common.Base64ImageLoader">
      <RootMethod Name="GetSourceItem" />
      <RootMethod Name="SetSourceItem" />
    </RootType>
    <RootType FullName="ProjectAow.View.Running.RunningPage" />
    <RootType FullName="Windows.UI.Xaml.Controls.Flyout">
      <RootProperty Name="Content" />
    </RootType>
    <RootType FullName="ProjectAow.View.Script.ScriptPage" />
    <RootType FullName="Windows.UI.Xaml.Controls.RichTextBlock">
      <RootProperty Name="Margin" />
      <RootProperty Name="Blocks" />
    </RootType>
    <RootType FullName="Windows.UI.Xaml.Documents.Paragraph">
      <RootProperty Name="Inlines" />
    </RootType>
    <RootType FullName="Windows.UI.Xaml.Documents.Hyperlink">
      <RootProperty Name="NavigateUri" />
      <RootProperty Name="UnderlineStyle" />
      <RootProperty Name="Inlines" />
    </RootType>
    <RootType FullName="Microsoft.UI.Xaml.Controls.Expander">
      <RootProperty Name="MinHeight" />
      <RootProperty Name="Margin" />
      <RootProperty Name="HorizontalAlignment" />
      <RootProperty Name="HorizontalContentAlignment" />
      <RootProperty Name="IsExpanded" />
      <RootProperty Name="Header" />
      <RootProperty Name="Content" />
    </RootType>
    <RootType FullName="Windows.UI.Xaml.Controls.RelativePanel">
      <RootProperty Name="MinHeight" />
      <RootProperty Name="HorizontalAlignment" />
      <RootProperty Name="Children" />
      <RootMethod Name="GetAlignRightWithPanel" />
      <RootMethod Name="SetAlignRightWithPanel" />
      <RootMethod Name="GetAlignVerticalCenterWithPanel" />
      <RootMethod Name="SetAlignVerticalCenterWithPanel" />
      <RootMethod Name="GetAlignLeftWithPanel" />
      <RootMethod Name="SetAlignLeftWithPanel" />
      <RootMethod Name="GetBelow" />
      <RootMethod Name="SetBelow" />
    </RootType>
    <RootType FullName="Windows.UI.Xaml.Controls.ComboBox">
      <RootProperty Name="Items" />
    </RootType>
    <RootType FullName="Windows.UI.Xaml.Controls.ComboBoxItem">
      <RootProperty Name="Tag" />
      <RootProperty Name="Content" />
    </RootType>
    <RootType FullName="Windows.UI.Xaml.AdaptiveTrigger">
      <RootProperty Name="MinWindowHeight" />
      <RootProperty Name="MinWindowWidth" />
    </RootType>
    <RootType FullName="ProjectAow.View.Setting.SettingPage" />
  </Roots.RootTypes>
</Roots>
