﻿<?xml version="1.0" encoding="utf-8"?>
<Roots >
  <Roots.PropertyPathNames>
    <RootPropertyPathName Name="AnimationDuration" />
    <RootPropertyPathName Name="VerticalOffset" />
    <RootPropertyPathName Name="HorizontalOffset" />
    <RootPropertyPathName Name="TemplateSettings" />
    <RootPropertyPathName Name="FlyoutContentMinWidth" />
    <RootPropertyPathName Name="Content" />
    <RootPropertyPathName Name="Background" />
    <RootPropertyPathName Name="TopPaneVisibility" />
    <RootPropertyPathName Name="OverflowButtonVisibility" />
    <RootPropertyPathName Name="ElementSoundMode" />
    <RootPropertyPathName Name="TopPadding" />
    <RootPropertyPathName Name="SmallerPaneToggleButtonWidth" />
    <RootPropertyPathName Name="PaneToggleButtonVisibility" />
    <RootPropertyPathName Name="BackButtonVisibility" />
    <RootPropertyPathName Name="Header" />
    <RootPropertyPathName Name="Visibility" />
    <RootPropertyPathName Name="ClipRect" />
    <RootPropertyPathName Name="CompactVerticalDelta" />
  </Roots.PropertyPathNames>
  <Roots.RootTypes>
    <RootType FullName="Windows.UI.Xaml.ResourceDictionary">
      <RootProperty Name="MergedDictionaries" />
      <RootProperty Name="Source" />
      <RootProperty Name="ThemeDictionaries" />
    </RootType>
    <RootType FullName="Microsoft.Toolkit.Uwp.UI.Controls.CameraPreview" />
    <RootType FullName="Windows.UI.Xaml.Controls.Control">
      <RootProperty Name="Template" />
      <RootProperty Name="IsTabStop" />
      <RootProperty Name="HorizontalContentAlignment" />
      <RootProperty Name="VerticalContentAlignment" />
      <RootProperty Name="Background" />
      <RootProperty Name="Foreground" />
      <RootProperty Name="BorderBrush" />
      <RootProperty Name="BorderThickness" />
      <RootProperty Name="FontSize" />
      <RootProperty Name="Padding" />
      <RootProperty Name="UseSystemFocusVisuals" />
      <RootProperty Name="CornerRadius" />
      <RootProperty Name="FontFamily" />
      <RootProperty Name="FontWeight" />
    </RootType>
    <RootType FullName="Windows.UI.Xaml.Setter">
      <RootProperty Name="Property" />
      <RootProperty Name="Value" />
      <RootProperty Name="Target" />
    </RootType>
    <RootType FullName="Windows.UI.Xaml.Controls.ControlTemplate">
      <RootProperty Name="TargetType" />
      <RootProperty Name="Template" />
    </RootType>
    <RootType FullName="Windows.UI.Xaml.Controls.Grid">
      <RootProperty Name="Background" />
      <RootProperty Name="Children" />
      <RootProperty Name="BorderBrush" />
      <RootProperty Name="BorderThickness" />
      <RootProperty Name="HorizontalAlignment" />
      <RootProperty Name="VerticalAlignment" />
      <RootProperty Name="CornerRadius" />
      <RootProperty Name="MaxWidth" />
      <RootProperty Name="Margin" />
      <RootProperty Name="Padding" />
      <RootProperty Name="RenderTransformOrigin" />
      <RootProperty Name="Visibility" />
      <RootProperty Name="RenderTransform" />
      <RootProperty Name="ColumnDefinitions" />
      <RootProperty Name="Height" />
      <RootProperty Name="Width" />
      <RootProperty Name="RowDefinitions" />
      <RootProperty Name="Resources" />
      <RootProperty Name="Style" />
      <RootProperty Name="Clip" />
      <RootProperty Name="MinHeight" />
      <RootProperty Name="MinWidth" />
      <RootMethod Name="GetColumn" />
      <RootMethod Name="SetColumn" />
      <RootMethod Name="GetRow" />
      <RootMethod Name="SetRow" />
      <RootMethod Name="GetColumnSpan" />
      <RootMethod Name="SetColumnSpan" />
    </RootType>
    <RootType FullName="Microsoft.Xaml.DirectUI.ProxyTypes.TemplateBindingExtension" />
    <RootType FullName="Windows.UI.Xaml.Controls.MediaPlayerElement">
      <RootProperty Name="HorizontalAlignment" />
    </RootType>
    <RootType FullName="Windows.UI.Xaml.Controls.Button">
      <RootProperty Name="Background" />
      <RootProperty Name="VerticalAlignment" />
      <RootProperty Name="HorizontalAlignment" />
      <RootProperty Name="Margin" />
      <RootProperty Name="Content" />
      <RootProperty Name="CornerRadius" />
      <RootProperty Name="FontFamily" />
      <RootProperty Name="FontSize" />
      <RootProperty Name="Padding" />
      <RootProperty Name="Style" />
      <RootProperty Name="RenderTransform" />
      <RootProperty Name="BorderBrush" />
      <RootProperty Name="BorderThickness" />
      <RootProperty Name="ContentTemplate" />
      <RootProperty Name="FontStretch" />
      <RootProperty Name="FontStyle" />
      <RootProperty Name="FontWeight" />
      <RootProperty Name="Foreground" />
      <RootProperty Name="IsTabStop" />
      <RootProperty Name="Visibility" />
      <RootProperty Name="Flyout" />
      <RootProperty Name="Width" />
      <RootProperty Name="IsEnabled" />
      <RootProperty Name="MinWidth" />
      <RootProperty Name="FocusVisualMargin" />
      <RootProperty Name="HorizontalContentAlignment" />
      <RootProperty Name="VerticalContentAlignment" />
      <RootProperty Name="Command" />
      <RootProperty Name="CommandParameter" />
      <RootProperty Name="ContentTransitions" />
    </RootType>
    <RootType FullName="Microsoft.Xaml.DirectUI.ProxyTypes.ThemeResourceExtension" />
    <RootType FullName="Windows.UI.Xaml.Controls.FontIcon">
      <RootProperty Name="FontFamily" />
      <RootProperty Name="Glyph" />
      <RootProperty Name="Foreground" />
    </RootType>
    <RootType FullName="Microsoft.Toolkit.Uwp.UI.Controls.DropShadowPanel" />
    <RootType FullName="Windows.UI.Xaml.FrameworkElement">
      <RootProperty Name="HorizontalAlignment" />
      <RootProperty Name="VerticalAlignment" />
      <RootProperty Name="MinHeight" />
      <RootProperty Name="Margin" />
      <RootProperty Name="MaxWidth" />
      <RootProperty Name="MinWidth" />
      <RootProperty Name="Width" />
      <RootProperty Name="Height" />
      <RootProperty Name="FlowDirection" />
      <RootProperty Name="FocusVisualMargin" />
      <RootProperty Name="AllowFocusOnInteraction" />
    </RootType>
    <RootType FullName="Windows.UI.Xaml.Controls.Border">
      <RootProperty Name="HorizontalAlignment" />
      <RootProperty Name="VerticalAlignment" />
      <RootProperty Name="BorderThickness" />
      <RootProperty Name="BorderBrush" />
      <RootProperty Name="Child" />
      <RootProperty Name="Background" />
      <RootProperty Name="Visibility" />
      <RootProperty Name="Opacity" />
    </RootType>
    <RootType FullName="Windows.UI.Xaml.Controls.ContentPresenter">
      <RootProperty Name="HorizontalAlignment" />
      <RootProperty Name="VerticalAlignment" />
      <RootProperty Name="HorizontalContentAlignment" />
      <RootProperty Name="VerticalContentAlignment" />
      <RootProperty Name="FontWeight" />
      <RootProperty Name="ContentTransitions" />
      <RootProperty Name="TextWrapping" />
      <RootProperty Name="Content" />
      <RootProperty Name="Foreground" />
      <RootProperty Name="RenderTransform" />
      <RootProperty Name="HighContrastAdjustment" />
      <RootProperty Name="BorderThickness" />
      <RootProperty Name="BorderBrush" />
      <RootProperty Name="ContentTemplate" />
      <RootProperty Name="Padding" />
      <RootProperty Name="DataContext" />
      <RootProperty Name="Background" />
      <RootProperty Name="CornerRadius" />
      <RootProperty Name="Height" />
      <RootProperty Name="Margin" />
    </RootType>
    <RootType FullName="Microsoft.Toolkit.Uwp.UI.Controls.ImageEx" />
    <RootType FullName="Microsoft.Toolkit.Uwp.UI.Controls.ImageExBase">
      <RootProperty Name="LazyLoadingThreshold" />
    </RootType>
    <RootType FullName="Windows.UI.Xaml.VisualStateManager">
      <RootMethod Name="GetVisualStateGroups" />
    </RootType>
    <RootType FullName="Windows.UI.Xaml.Controls.Image">
      <RootProperty Name="Name" />
      <RootProperty Name="HorizontalAlignment" />
      <RootProperty Name="VerticalAlignment" />
      <RootProperty Name="Opacity" />
      <RootProperty Name="Source" />
      <RootProperty Name="Stretch" />
      <RootProperty Name="NineGrid" />
    </RootType>
    <RootType FullName="Windows.UI.Xaml.VisualStateGroup">
      <RootProperty Name="States" />
    </RootType>
    <RootType FullName="Windows.UI.Xaml.VisualState">
      <RootProperty Name="Storyboard" />
      <RootProperty Name="Setters" />
    </RootType>
    <RootType FullName="Windows.UI.Xaml.Media.Animation.Storyboard">
      <RootProperty Name="Children" />
      <RootMethod Name="GetTargetName" />
      <RootMethod Name="SetTargetName" />
      <RootMethod Name="GetTargetProperty" />
      <RootMethod Name="SetTargetProperty" />
    </RootType>
    <RootType FullName="Windows.UI.Xaml.Media.Animation.DoubleAnimation">
      <RootProperty Name="AutoReverse" />
      <RootProperty Name="BeginTime" />
      <RootProperty Name="From" />
      <RootProperty Name="To" />
    </RootType>
    <RootType FullName="Windows.UI.Xaml.Media.Animation.ObjectAnimationUsingKeyFrames">
      <RootProperty Name="KeyFrames" />
    </RootType>
    <RootType FullName="Windows.UI.Xaml.Media.Animation.DiscreteObjectKeyFrame">
      <RootProperty Name="KeyTime" />
      <RootProperty Name="Value" />
    </RootType>
    <RootType FullName="Microsoft.Toolkit.Uwp.UI.Controls.InAppNotification">
      <RootProperty Name="AnimationDuration" />
      <RootProperty Name="VerticalOffset" />
      <RootProperty Name="HorizontalOffset" />
      <RootProperty Name="ShowDismissButton" />
      <RootMethod Name="GetKeyFrameDuration" />
      <RootMethod Name="SetKeyFrameDuration" />
    </RootType>
    <RootType FullName="Windows.UI.Xaml.UIElement">
      <RootProperty Name="Visibility" />
      <RootProperty Name="RenderTransformOrigin" />
      <RootProperty Name="HighContrastAdjustment" />
    </RootType>
    <RootType FullName="Windows.UI.Xaml.Automation.AutomationProperties">
      <RootMethod Name="GetLandmarkType" />
      <RootMethod Name="SetLandmarkType" />
      <RootMethod Name="GetLocalizedLandmarkType" />
      <RootMethod Name="SetLocalizedLandmarkType" />
      <RootMethod Name="GetLiveSetting" />
      <RootMethod Name="SetLiveSetting" />
      <RootMethod Name="GetName" />
      <RootMethod Name="SetName" />
      <RootMethod Name="GetAccessibilityView" />
      <RootMethod Name="SetAccessibilityView" />
    </RootType>
    <RootType FullName="Microsoft.Xaml.DirectUI.ProxyTypes.StaticResourceExtension" />
    <RootType FullName="Windows.UI.Xaml.Media.SolidColorBrush">
      <RootProperty Name="Color" />
    </RootType>
    <RootType FullName="Windows.UI.Xaml.Thickness" />
    <RootType FullName="System.Double" />
    <RootType FullName="Windows.UI.Xaml.VerticalAlignment" />
    <RootType FullName="Windows.UI.Xaml.Controls.Primitives.ButtonBase" />
    <RootType FullName="Windows.UI.Xaml.Media.CompositeTransform" />
    <RootType FullName="Windows.UI.Xaml.Controls.ColumnDefinition">
      <RootProperty Name="Width" />
      <RootProperty Name="MinWidth" />
    </RootType>
    <RootType FullName="Windows.UI.Xaml.Media.TranslateTransform">
      <RootProperty Name="X" />
      <RootProperty Name="Y" />
    </RootType>
    <RootType FullName="Windows.UI.Xaml.Media.Animation.DoubleAnimationUsingKeyFrames">
      <RootProperty Name="KeyFrames" />
    </RootType>
    <RootType FullName="Windows.UI.Xaml.Media.Animation.EasingDoubleKeyFrame">
      <RootProperty Name="KeyTime" />
      <RootProperty Name="Value" />
      <RootProperty Name="EasingFunction" />
    </RootType>
    <RootType FullName="Windows.UI.Xaml.Data.Binding">
      <RootProperty Name="RelativeSource" />
      <RootProperty Name="Path" />
      <RootProperty Name="ElementName" />
    </RootType>
    <RootType FullName="Windows.UI.Xaml.Data.RelativeSource">
      <RootProperty Name="Mode" />
    </RootType>
    <RootType FullName="Windows.UI.Xaml.Visibility" />
    <RootType FullName="Windows.UI.Xaml.Controls.TextBlock">
      <RootProperty Name="Padding" />
      <RootProperty Name="VerticalAlignment" />
      <RootProperty Name="FontWeight" />
      <RootProperty Name="Foreground" />
      <RootProperty Name="Text" />
      <RootProperty Name="Style" />
      <RootProperty Name="Margin" />
      <RootProperty Name="HorizontalAlignment" />
      <RootProperty Name="FontFamily" />
      <RootProperty Name="FontSize" />
      <RootProperty Name="TextAlignment" />
    </RootType>
    <RootType FullName="Microsoft.Toolkit.Uwp.UI.Controls.Loading" />
    <RootType FullName="Windows.UI.Xaml.Media.Animation.QuadraticEase">
      <RootProperty Name="EasingMode" />
    </RootType>
    <RootType FullName="Windows.UI.Xaml.Media.AcrylicBrush">
      <RootProperty Name="BackgroundSource" />
      <RootProperty Name="TintColor" />
      <RootProperty Name="TintOpacity" />
      <RootProperty Name="FallbackColor" />
    </RootType>
    <RootType FullName="Windows.UI.Xaml.Controls.MenuFlyoutPresenter" />
    <RootType FullName="Windows.UI.Xaml.Controls.ScrollViewer">
      <RootProperty Name="Padding" />
      <RootProperty Name="Margin" />
      <RootProperty Name="MinWidth" />
      <RootProperty Name="HorizontalScrollMode" />
      <RootProperty Name="HorizontalScrollBarVisibility" />
      <RootProperty Name="VerticalScrollMode" />
      <RootProperty Name="VerticalScrollBarVisibility" />
      <RootProperty Name="IsHorizontalRailEnabled" />
      <RootProperty Name="IsVerticalRailEnabled" />
      <RootProperty Name="ZoomMode" />
      <RootProperty Name="Content" />
      <RootProperty Name="HorizontalAlignment" />
      <RootProperty Name="VerticalAlignment" />
      <RootProperty Name="HorizontalContentAlignment" />
      <RootProperty Name="VerticalContentAlignment" />
      <RootProperty Name="Background" />
      <RootProperty Name="IsTabStop" />
      <RootMethod Name="GetHorizontalScrollMode" />
      <RootMethod Name="SetHorizontalScrollMode" />
      <RootMethod Name="GetHorizontalScrollBarVisibility" />
      <RootMethod Name="SetHorizontalScrollBarVisibility" />
      <RootMethod Name="GetVerticalScrollMode" />
      <RootMethod Name="SetVerticalScrollMode" />
      <RootMethod Name="GetVerticalScrollBarVisibility" />
      <RootMethod Name="SetVerticalScrollBarVisibility" />
      <RootMethod Name="GetIsHorizontalRailEnabled" />
      <RootMethod Name="SetIsHorizontalRailEnabled" />
      <RootMethod Name="GetIsVerticalRailEnabled" />
      <RootMethod Name="SetIsVerticalRailEnabled" />
      <RootMethod Name="GetZoomMode" />
      <RootMethod Name="SetZoomMode" />
    </RootType>
    <RootType FullName="Microsoft.Toolkit.Uwp.UI.Controls.Menu">
      <RootProperty Name="MenuFlyoutStyle" />
    </RootType>
    <RootType FullName="Windows.UI.Xaml.Controls.ItemsControl">
      <RootProperty Name="ItemsPanel" />
      <RootProperty Name="MinHeight" />
      <RootProperty Name="HorizontalAlignment" />
      <RootProperty Name="IsTabStop" />
    </RootType>
    <RootType FullName="Microsoft.Toolkit.Uwp.UI.Controls.MenuItem" />
    <RootType FullName="Windows.UI.Xaml.Media.Animation.PointerDownThemeAnimation" />
    <RootType FullName="Windows.UI.Xaml.Media.Animation.PointerUpThemeAnimation" />
    <RootType FullName="Windows.UI.Xaml.Controls.ItemsPresenter">
      <RootProperty Name="Margin" />
    </RootType>
    <RootType FullName="Windows.UI.Xaml.Controls.ItemsPanelTemplate">
      <RootProperty Name="Template" />
    </RootType>
    <RootType FullName="Microsoft.Toolkit.Uwp.UI.Controls.WrapPanel" />
    <RootType FullName="Windows.UI.Xaml.Controls.StackPanel">
      <RootProperty Name="Children" />
      <RootProperty Name="RenderTransform" />
      <RootProperty Name="HorizontalAlignment" />
      <RootProperty Name="VerticalAlignment" />
      <RootProperty Name="XYFocusKeyboardNavigation" />
      <RootProperty Name="Background" />
      <RootProperty Name="Orientation" />
    </RootType>
    <RootType FullName="Microsoft.Toolkit.Uwp.UI.Controls.MetadataControl" />
    <RootType FullName="Microsoft.Toolkit.Uwp.UI.Controls.RadialProgressBar">
      <RootProperty Name="Outline" />
      <RootProperty Name="Thickness" />
    </RootType>
    <RootType FullName="Windows.UI.Xaml.Shapes.Path">
      <RootProperty Name="Fill" />
      <RootProperty Name="Stroke" />
      <RootProperty Name="StrokeThickness" />
      <RootProperty Name="StrokeDashCap" />
      <RootProperty Name="Data" />
    </RootType>
    <RootType FullName="Windows.UI.Xaml.Media.PathGeometry">
      <RootProperty Name="Figures" />
    </RootType>
    <RootType FullName="Windows.UI.Xaml.Media.PathFigureCollection" />
    <RootType FullName="Windows.UI.Xaml.Media.PathFigure">
      <RootProperty Name="Segments" />
    </RootType>
    <RootType FullName="Windows.UI.Xaml.Media.PathSegmentCollection" />
    <RootType FullName="Windows.UI.Xaml.Media.ArcSegment">
      <RootProperty Name="IsLargeArc" />
      <RootProperty Name="SweepDirection" />
    </RootType>
    <RootType FullName="Microsoft.Toolkit.Uwp.UI.Controls.RotatorTile">
      <RootProperty Name="RotationDelay" />
      <RootProperty Name="ExtraRandomDuration" />
    </RootType>
    <RootType FullName="Windows.UI.Xaml.Controls.Canvas">
      <RootProperty Name="DataContext" />
      <RootProperty Name="Children" />
      <RootMethod Name="GetZIndex" />
      <RootMethod Name="SetZIndex" />
    </RootType>
    <RootType FullName="Microsoft.Xaml.DirectUI.ProxyTypes.NullExtension" />
    <RootType FullName="Microsoft.Toolkit.Uwp.UI.Controls.TabbedCommandBar" />
    <RootType FullName="Microsoft.UI.Xaml.Controls.NavigationView">
      <RootProperty Name="MenuItemTemplateSelector" />
      <RootProperty Name="PaneDisplayMode" />
      <RootProperty Name="PaneToggleButtonStyle" />
      <RootProperty Name="IsBackButtonVisible" />
      <RootProperty Name="IsSettingsVisible" />
      <RootProperty Name="CompactPaneLength" />
    </RootType>
    <RootType FullName="Windows.UI.Xaml.Controls.RowDefinition">
      <RootProperty Name="Height" />
    </RootType>
    <RootType FullName="Windows.UI.Xaml.Controls.ContentControl">
      <RootProperty Name="HorizontalContentAlignment" />
      <RootProperty Name="Content" />
      <RootProperty Name="Resources" />
      <RootProperty Name="VerticalContentAlignment" />
      <RootProperty Name="IsTabStop" />
      <RootProperty Name="Margin" />
      <RootProperty Name="MinWidth" />
      <RootProperty Name="HorizontalAlignment" />
      <RootProperty Name="VerticalAlignment" />
      <RootProperty Name="ContentTemplate" />
      <RootProperty Name="ContentTransitions" />
      <RootProperty Name="Foreground" />
    </RootType>
    <RootType FullName="Windows.UI.Xaml.Controls.AppBarElementContainer" />
    <RootType FullName="Windows.UI.Xaml.Controls.SplitButton" />
    <RootType FullName="Windows.UI.Xaml.Media.Animation.PopInThemeAnimation">
      <RootProperty Name="TargetName" />
    </RootType>
    <RootType FullName="Microsoft.UI.Xaml.Controls.ItemsRepeaterScrollHost">
      <RootProperty Name="ScrollViewer" />
    </RootType>
    <RootType FullName="Microsoft.UI.Xaml.Controls.ItemsRepeater">
      <RootProperty Name="Layout" />
    </RootType>
    <RootType FullName="Microsoft.UI.Xaml.Controls.StackLayout">
      <RootProperty Name="Orientation" />
    </RootType>
    <RootType FullName="Windows.UI.Xaml.Controls.Flyout">
      <RootProperty Name="ElementSoundMode" />
      <RootProperty Name="Placement" />
      <RootProperty Name="FlyoutPresenterStyle" />
      <RootProperty Name="Content" />
    </RootType>
    <RootType FullName="Windows.UI.Xaml.Controls.FlyoutPresenter" />
    <RootType FullName="Windows.UI.Xaml.Controls.ToolTipService">
      <RootMethod Name="GetToolTip" />
      <RootMethod Name="SetToolTip" />
    </RootType>
    <RootType FullName="Windows.UI.Xaml.Controls.ToolTip" />
    <RootType FullName="Microsoft.Toolkit.Uwp.UI.Controls.TabbedCommandBarItem" />
    <RootType FullName="Windows.UI.Xaml.Controls.CommandBar">
      <RootProperty Name="DefaultLabelPosition" />
      <RootProperty Name="HorizontalAlignment" />
      <RootProperty Name="Background" />
      <RootProperty Name="IsTabStop" />
      <RootProperty Name="Style" />
    </RootType>
    <RootType FullName="Windows.UI.Xaml.DataTemplate">
      <RootProperty Name="Template" />
    </RootType>
    <RootType FullName="Microsoft.Toolkit.Uwp.UI.Controls.TabbedCommandBarItemTemplateSelector">
      <RootProperty Name="Contextual" />
      <RootProperty Name="Normal" />
    </RootType>
    <RootType FullName="Microsoft.UI.Xaml.Controls.NavigationViewItem">
      <RootProperty Name="Background" />
      <RootProperty Name="Content" />
      <RootProperty Name="Visibility" />
      <RootProperty Name="Resources" />
    </RootType>
    <RootType FullName="Microsoft.Toolkit.Uwp.UI.Controls.TextToolbarSymbols.List" />
    <RootType FullName="Microsoft.Toolkit.Uwp.UI.Controls.TextToolbarSymbols.NumberedList" />
    <RootType FullName="Microsoft.Toolkit.Uwp.UI.Controls.TextToolbar" />
    <RootType FullName="Windows.UI.Xaml.Media.RectangleGeometry">
      <RootProperty Name="Rect" />
      <RootProperty Name="Transform" />
    </RootType>
    <RootType FullName="Microsoft.Toolkit.Uwp.UI.Controls.TextToolbarButtons.ToolbarButton" />
    <RootType FullName="Microsoft.Toolkit.Uwp.UI.Controls.TextToolbarButtons.ToolbarSeparator" />
    <RootType FullName="Windows.UI.Xaml.Shapes.Rectangle">
      <RootProperty Name="Width" />
      <RootProperty Name="Height" />
      <RootProperty Name="HorizontalAlignment" />
      <RootProperty Name="VerticalAlignment" />
      <RootProperty Name="Fill" />
      <RootProperty Name="Margin" />
    </RootType>
    <RootType FullName="Microsoft.Toolkit.Uwp.UI.Controls.TileControl" />
  </Roots.RootTypes>
</Roots>
